--
-- Database: `cashflow`
--

-- --------------------------------------------------------

--
-- Table structure for table `education`
--

CREATE TABLE `education` (
  `id` int(11) NOT NULL,
  `name` varchar(255) NOT NULL,
  `cost` decimal(10,2) NOT NULL,
  `completion_time` int(11) NOT NULL,
  `experience_required` int(11) DEFAULT NULL
) ENGINE=InnoDB DEFAULT CHARSET=utf8mb4 COLLATE=utf8mb4_croatian_ci;

--
-- Dumping data for table `education`
--

INSERT INTO `education` (`id`, `name`, `cost`, `completion_time`, `experience_required`) VALUES
(0, 'None', '0.00', 0, 0),
(1, 'High School Diploma', '1000.00', 1, 0),
(2, 'Associate Degree', '5000.00', 5, 3),
(3, 'Bachelor Degree', '25000.00', 10, 10),
(4, 'Master Degree', '125000.00', 20, 23),
(5, 'PhD', '250000.00', 30, 45);

-- --------------------------------------------------------

--
-- Table structure for table `education_transactions`
--

CREATE TABLE `education_transactions` (
  `id` int(11) NOT NULL,
  `player_id` varchar(36) DEFAULT NULL,
  `education_id` int(11) NOT NULL,
  `start_time` int(11) NOT NULL
) ENGINE=InnoDB DEFAULT CHARSET=utf8mb4 COLLATE=utf8mb4_croatian_ci;

--
-- Dumping data for table `education_transactions`
--

INSERT INTO `education_transactions` (`id`, `player_id`, `education_id`, `start_time`) VALUES
(8, 'f81d4fae-7dec-11d0-a765-00a0c91e6bf6', 3, 31);

-- --------------------------------------------------------

--
-- Table structure for table `jobs`
--

CREATE TABLE `jobs` (
  `id` int(11) NOT NULL,
  `title` varchar(255) NOT NULL,
  `salary` decimal(10,2) NOT NULL,
  `education_required` int(11) DEFAULT NULL,
  `experience_required` int(11) DEFAULT NULL
) ENGINE=InnoDB DEFAULT CHARSET=utf8mb4 COLLATE=utf8mb4_croatian_ci;

--
-- Dumping data for table `jobs`
--

INSERT INTO `jobs` (`id`, `title`, `salary`, `education_required`, `experience_required`) VALUES
(0, 'Unemployed', '0.00', 0, 0),
(1, 'Junior Developer', '5000.00', 3, 1),
(2, 'Senior Developer', '8000.00', 4, 3),
(3, 'Product Manager', '10000.00', 4, 4),
(4, 'Data Scientist', '12000.00', 5, 5),
(5, 'Lawyer', '9000.00', 3, 5),
(6, 'Doctor', '12000.00', 4, 8),
(7, 'Police Officer', '2000.00', 1, 2),
(8, 'Teacher', '5000.00', 2, 3),
(9, 'Food Service Worker', '800.00', 0, 0),
(10, 'Courier', '800.00', 0, 0),
(11, 'Janitor', '800.00', 0, 0);

-- --------------------------------------------------------

--
-- Table structure for table `loans`
--

CREATE TABLE `loans` (
  `id` int(11) NOT NULL,
  `player_id` varchar(36) DEFAULT NULL,
  `name` varchar(100) DEFAULT 'Bank Loan',
  `amount` decimal(10,2) NOT NULL,
  `liability_id` varchar(36) NOT NULL
) ENGINE=InnoDB DEFAULT CHARSET=utf8mb4 COLLATE=utf8mb4_croatian_ci;

--
-- Dumping data for table `loans`
--

INSERT INTO `loans` (`id`, `player_id`, `name`, `amount`, `liability_id`) VALUES
(21, 'f81d4fae-7dec-11d0-a765-00a0c91e6bf6', 'Bank Loan', '25000.00', 'b4b8c4e2-58fc-499f-8eb0-fd98dc422a87'),
(23, 'f81d4fae-7dec-11d0-a765-00a0c91e6bf6', 'Bank Loan', '10000.00', '18acbd58-2f1f-4831-8e51-cd083a1795ac'),
(24, '8ecd9e2a-c340-11ed-8967-80e82cd53ddb', 'High School Loan', '1000.00', 'f46329fe-e7c9-46c3-acc0-a3f5b6169925');

-- --------------------------------------------------------

--
-- Table structure for table `players`
--

CREATE TABLE `players` (
  `id` varchar(36) NOT NULL,
  `username` varchar(255) NOT NULL,
  `password` varchar(255) NOT NULL,
  `email` varchar(255) NOT NULL,
  `balance` decimal(10,2) NOT NULL DEFAULT 400.00,
  `job_id` int(11) DEFAULT 0,
  `education_id` int(11) DEFAULT 0,
  `job_raise` int(11) DEFAULT 0
) ENGINE=InnoDB DEFAULT CHARSET=utf8mb4 COLLATE=utf8mb4_croatian_ci;

--
-- Dumping data for table `players`
--

INSERT INTO `players` (`id`, `username`, `password`, `email`, `balance`, `job_id`, `education_id`, `job_raise`) VALUES
('4539cd39-b9bc-11ed-8066-80e82cd53ddb', 'admin', 'admin', '', '9889708.56', 4, 5, 10),
('8ecd9e2a-c340-11ed-8967-80e82cd53ddb', 'test', 'test', '', '56.11', 9, 1, 0),
('f81d4fae-7dec-11d0-a765-00a0c91e6bf6', 'ilhan', '1234', 'ilhanmuftic@gmail.com', '341.13', 8, 2, 0);

-- --------------------------------------------------------

--
-- Table structure for table `player_assets`
--

CREATE TABLE `player_assets` (
  `id` int(11) NOT NULL,
  `player_id` varchar(36) NOT NULL,
  `type` enum('stock','real estate','land') NOT NULL,
  `name` varchar(50) NOT NULL,
  `amount` int(11) NOT NULL DEFAULT 1,
  `value` decimal(10,2) NOT NULL,
  `total_value` decimal(10,2) NOT NULL,
  `cashflow_id` varchar(36) NOT NULL,
  `item_id` varchar(36) DEFAULT NULL,
  `date` datetime NOT NULL DEFAULT current_timestamp()
) ENGINE=InnoDB DEFAULT CHARSET=utf8mb4 COLLATE=utf8mb4_croatian_ci;

-- --------------------------------------------------------

--
-- Table structure for table `player_cashflow`
--

CREATE TABLE `player_cashflow` (
  `id` varchar(36) NOT NULL,
  `player_id` varchar(36) NOT NULL,
  `type` enum('income','expense') NOT NULL,
  `name` varchar(50) NOT NULL,
  `value` decimal(10,2) NOT NULL,
  `date` datetime NOT NULL DEFAULT current_timestamp()
) ENGINE=InnoDB DEFAULT CHARSET=utf8mb4 COLLATE=utf8mb4_croatian_ci;

--
-- Dumping data for table `player_cashflow`
--

INSERT INTO `player_cashflow` (`id`, `player_id`, `type`, `name`, `value`, `date`) VALUES
('07a7ced4-b39a-469a-b676-a78bc11e3602', '8ecd9e2a-c340-11ed-8967-80e82cd53ddb', 'expense', 'Card Credit Payment', '40.00', '2023-03-15 15:49:15'),
('1', 'f81d4fae-7dec-11d0-a765-00a0c91e6bf6', 'expense', 'Mortgage Payment', '350.00', '2023-03-04 00:00:00'),
('18d9f17b-5e8f-424d-9513-2ccdbacdc5ed', '8ecd9e2a-c340-11ed-8967-80e82cd53ddb', 'expense', 'Mortgage Payment', '350.00', '2023-03-15 15:49:15'),
('1a0f052d-48f8-494b-90c1-e7c48e335311', 'f81d4fae-7dec-11d0-a765-00a0c91e6bf6', 'expense', 'Bank Loan Payment', '2500.00', '2023-03-08 18:13:39'),
('2', 'f81d4fae-7dec-11d0-a765-00a0c91e6bf6', 'expense', 'Credit Card Payment', '40.00', '2023-03-04 00:00:00'),
('2084ad04-6acc-4e53-b1f3-0c0e20568573', '8ecd9e2a-c340-11ed-8967-80e82cd53ddb', 'expense', 'Car Payment', '35.00', '2023-03-15 15:49:15'),
('22c07ff8-a2f3-4c23-9abd-0babc7f742bd', '8ecd9e2a-c340-11ed-8967-80e82cd53ddb', 'income', 'Job Salary', '800.00', '2023-03-15 15:49:15'),
('3', 'f81d4fae-7dec-11d0-a765-00a0c91e6bf6', 'expense', 'Car Payment', '35.00', '2023-03-04 00:00:00'),
('5', 'f81d4fae-7dec-11d0-a765-00a0c91e6bf6', 'expense', 'Other Expenses', '1250.00', '2023-03-04 00:00:00'),
('6', 'f81d4fae-7dec-11d0-a765-00a0c91e6bf6', 'income', 'Job Salary', '5000.00', '2023-03-04 00:00:00'),
('63338619-063b-4760-ab25-b9ff95d9edb1', '8ecd9e2a-c340-11ed-8967-80e82cd53ddb', 'expense', 'Retail Payment', '35.00', '2023-03-15 15:49:15'),
('7', 'f81d4fae-7dec-11d0-a765-00a0c91e6bf6', 'expense', 'Retail Payment', '20.00', '2023-03-04 00:00:00'),
('a66b531d-9171-4120-bc34-03114f9d5178', '8ecd9e2a-c340-11ed-8967-80e82cd53ddb', 'expense', 'High School Loan Payment', '100.00', '2023-03-15 15:51:48'),
('b5ee4c67-3f44-404d-b13d-846ab7d9cadc', '8ecd9e2a-c340-11ed-8967-80e82cd53ddb', 'expense', 'Other Expenses', '200.00', '2023-03-15 15:49:15'),
('e4259754-72e4-450b-8d86-dddd824d984c', 'f81d4fae-7dec-11d0-a765-00a0c91e6bf6', 'expense', 'Bank Loan Payment', '1000.00', '2023-03-11 14:28:52');

-- --------------------------------------------------------

--
-- Table structure for table `player_liabilities`
--

CREATE TABLE `player_liabilities` (
  `id` varchar(36) NOT NULL,
  `player_id` varchar(36) DEFAULT NULL,
  `name` varchar(50) NOT NULL,
  `value` decimal(10,2) NOT NULL,
  `cashflow_id` varchar(36) NOT NULL,
  `date` datetime NOT NULL DEFAULT current_timestamp()
) ENGINE=InnoDB DEFAULT CHARSET=utf8mb4 COLLATE=utf8mb4_croatian_ci;

--
-- Dumping data for table `player_liabilities`
--

INSERT INTO `player_liabilities` (`id`, `player_id`, `name`, `value`, `cashflow_id`, `date`) VALUES
('1', 'f81d4fae-7dec-11d0-a765-00a0c91e6bf6', 'Credit Card Debt', '10000.00', '', '2023-03-04 13:23:39'),
('18acbd58-2f1f-4831-8e51-cd083a1795ac', 'f81d4fae-7dec-11d0-a765-00a0c91e6bf6', 'Bank Loan', '10000.00', 'e4259754-72e4-450b-8d86-dddd824d984c', '2023-03-11 14:28:52'),
('2', 'f81d4fae-7dec-11d0-a765-00a0c91e6bf6', 'Mortgage', '75000.00', '', '2023-03-04 13:23:39'),
('298a7b10-6128-489d-b370-72a8db50b401', '8ecd9e2a-c340-11ed-8967-80e82cd53ddb', 'Retail Debt', '2000.00', '63338619-063b-4760-ab25-b9ff95d9edb1', '2023-03-15 15:49:15'),
('3', 'f81d4fae-7dec-11d0-a765-00a0c91e6bf6', 'Car Loan', '35000.00', '', '2023-03-04 13:23:39'),
('4', 'f81d4fae-7dec-11d0-a765-00a0c91e6bf6', 'Retail Debt', '2000.00', '', '2023-03-04 13:23:39'),
('4054931b-cf07-4ce9-bd68-bbe3c159e814', '8ecd9e2a-c340-11ed-8967-80e82cd53ddb', 'Car Loan', '35000.00', '2084ad04-6acc-4e53-b1f3-0c0e20568573', '2023-03-15 15:49:15'),
('6b18d767-7609-4946-a0fc-9e134b496753', '8ecd9e2a-c340-11ed-8967-80e82cd53ddb', 'Mortgage', '75000.00', '18d9f17b-5e8f-424d-9513-2ccdbacdc5ed', '2023-03-15 15:49:15'),
('b4b8c4e2-58fc-499f-8eb0-fd98dc422a87', 'f81d4fae-7dec-11d0-a765-00a0c91e6bf6', 'Bank Loan', '25000.00', '1a0f052d-48f8-494b-90c1-e7c48e335311', '2023-03-08 18:13:39'),
('e681d5db-6f84-4782-8589-ca6b44a6ad80', '8ecd9e2a-c340-11ed-8967-80e82cd53ddb', 'Card Credit Debt', '10000.00', '07a7ced4-b39a-469a-b676-a78bc11e3602', '2023-03-15 15:49:15'),
('f46329fe-e7c9-46c3-acc0-a3f5b6169925', '8ecd9e2a-c340-11ed-8967-80e82cd53ddb', 'High School Loan', '1000.00', 'a66b531d-9171-4120-bc34-03114f9d5178', '2023-03-15 15:51:48');

-- --------------------------------------------------------

--
-- Table structure for table `player_real_estate`
--

CREATE TABLE `player_real_estate` (
  `id` varchar(36) NOT NULL,
  `player_id` varchar(36) NOT NULL,
  `real_estate_id` int(11) NOT NULL,
  `cashflow_id` varchar(36) DEFAULT NULL,
  `date` datetime NOT NULL DEFAULT current_timestamp()
) ENGINE=InnoDB DEFAULT CHARSET=utf8mb4 COLLATE=utf8mb4_croatian_ci;

-- --------------------------------------------------------

--
-- Table structure for table `player_stocks`
--

CREATE TABLE `player_stocks` (
  `id` varchar(36) NOT NULL,
  `player_id` varchar(36) NOT NULL,
  `amount` int(11) NOT NULL,
  `stock_id` int(11) NOT NULL,
  `date` datetime NOT NULL DEFAULT current_timestamp()
) ENGINE=InnoDB DEFAULT CHARSET=utf8mb4 COLLATE=utf8mb4_croatian_ci;

--
-- Dumping data for table `player_stocks`
--

INSERT INTO `player_stocks` (`id`, `player_id`, `amount`, `stock_id`, `date`) VALUES
('ST26a45af3-7244-4128-b2eb-1ec729a765', 'f81d4fae-7dec-11d0-a765-00a0c91e6bf6', 100, 3, '2023-03-15 16:19:54'),
('ST53883ffc-a20a-4445-8fe2-8332a1e741', '8ecd9e2a-c340-11ed-8967-80e82cd53ddb', 10, 8, '2023-03-15 15:50:31'),
('ST66dea1f2-c801-4929-acb6-992165cc82', 'f81d4fae-7dec-11d0-a765-00a0c91e6bf6', 20, 10, '2023-03-15 16:19:28'),
('ST7b5bc3a2-af5f-4de4-8392-8df414d849', 'f81d4fae-7dec-11d0-a765-00a0c91e6bf6', 100, 8, '2023-03-15 16:18:49'),
('ST886ad923-20ea-477a-983b-c76bb1f5b5', 'f81d4fae-7dec-11d0-a765-00a0c91e6bf6', 1000, 9, '2023-03-15 16:20:09'),
('STb2b1bea2-359b-4749-8b77-656e644b87', '8ecd9e2a-c340-11ed-8967-80e82cd53ddb', 2, 12, '2023-03-15 16:05:50'),
('STc358dc44-8e21-4f4c-aa24-4e3ba4d354', '8ecd9e2a-c340-11ed-8967-80e82cd53ddb', 1000, 9, '2023-03-15 16:05:26'),
('STdf9bc6f8-22fa-4e28-951a-f2e87e12bd', 'f81d4fae-7dec-11d0-a765-00a0c91e6bf6', 1, 7, '2023-03-15 16:20:29'),
('STfec5dcbd-d227-4f24-81e3-3620b01fd2', '8ecd9e2a-c340-11ed-8967-80e82cd53ddb', 1, 7, '2023-03-15 16:05:06');

-- --------------------------------------------------------

--
-- Table structure for table `player_time`
--

CREATE TABLE `player_time` (
  `id` int(11) NOT NULL,
  `player_id` varchar(36) CHARACTER SET utf8mb4 COLLATE utf8mb4_croatian_ci NOT NULL,
  `time` int(11) NOT NULL,
  `last_login` datetime NOT NULL DEFAULT current_timestamp()
) ENGINE=InnoDB DEFAULT CHARSET=utf8mb4 COLLATE=utf8mb4_croatian_mysql561_ci;

--
-- Dumping data for table `player_time`
--

INSERT INTO `player_time` (`id`, `player_id`, `time`, `last_login`) VALUES
(4, 'f81d4fae-7dec-11d0-a765-00a0c91e6bf6', 35, '2023-04-10 00:00:00'),
(6, '8ecd9e2a-c340-11ed-8967-80e82cd53ddb', 1, '2023-04-10 00:00:00');

-- --------------------------------------------------------

--
-- Table structure for table `real_estate`
--

CREATE TABLE `real_estate` (
  `id` int(11) NOT NULL,
  `name` varchar(255) NOT NULL,
  `type` enum('house','building','land') NOT NULL,
  `cashflow` decimal(10,2) NOT NULL,
  `value` decimal(10,2) NOT NULL
) ENGINE=InnoDB DEFAULT CHARSET=utf8mb4 COLLATE=utf8mb4_croatian_ci;

--
-- Dumping data for table `real_estate`
--

INSERT INTO `real_estate` (`id`, `name`, `type`, `cashflow`, `value`) VALUES
(1, 'Small house', 'house', '500.00', '35000.00');

-- --------------------------------------------------------

--
-- Table structure for table `stocks`
--

CREATE TABLE `stocks` (
  `id` int(11) NOT NULL,
  `name` varchar(255) NOT NULL,
  `symbol` varchar(10) NOT NULL,
  `price` float NOT NULL,
  `stability` int(11) NOT NULL
) ENGINE=InnoDB DEFAULT CHARSET=utf8mb4 COLLATE=utf8mb4_croatian_ci;

--
-- Dumping data for table `stocks`
--

INSERT INTO `stocks` (`id`, `name`, `symbol`, `price`, `stability`) VALUES
(1, 'Tech Corp', 'TECH', 9.97402, 80),
(2, 'Oil Inc.', 'OIL', 7.72553, 75),
(3, 'Retail Ltd.', 'RETL', 2.66653, 90),
(4, 'Mining Co.', 'MINE', 12.597, 70),
(5, 'Healthcare Inc.', 'HEAL', 16.7658, 85),
(6, 'Bitcoin', 'BTC', 8432.35, 5),
(7, 'Ethereum', 'ETH', 419.042, 5),
(8, 'Litecoin', 'LTC', 4.93107, 5),
(9, 'Dogecoin', 'DOGE', 0.0450669, 10),
(10, 'Microsoft Corporation', 'MSFT', 33.0604, 60),
(11, 'Facebook, Inc.', 'FB', 58.2863, 50),
(12, 'Johnson & Johnson', 'JNJ', 28.6677, 40);

-- --------------------------------------------------------

--
-- Table structure for table `stock_history`
--

CREATE TABLE `stock_history` (
  `id` int(11) NOT NULL,
  `stock_id` int(11) NOT NULL,
  `old_price` double NOT NULL DEFAULT 0,
  `new_price` double NOT NULL,
  `date` datetime NOT NULL DEFAULT current_timestamp()
) ENGINE=InnoDB DEFAULT CHARSET=utf8mb4 COLLATE=utf8mb4_croatian_mysql561_ci;

--
-- Dumping data for table `stock_history`
--

INSERT INTO `stock_history` (`id`, `stock_id`, `old_price`, `new_price`, `date`) VALUES
(22019, 1, 0, 10, '2023-03-12 21:34:31'),
(22020, 2, 0, 5, '2023-03-12 21:34:31'),
(22021, 3, 0, 2.5, '2023-03-12 21:34:31'),
(22022, 4, 0, 7.5, '2023-03-12 21:34:31'),
(22023, 5, 0, 15, '2023-03-12 21:34:31'),
(22024, 6, 0, 4781.41015625, '2023-03-12 21:34:31'),
(22025, 7, 0, 152.22000122070312, '2023-03-12 21:34:31'),
(22026, 8, 0, 18.1299991607666, '2023-03-12 21:34:31'),
(22027, 9, 0, 0.05000000074505806, '2023-03-12 21:34:31'),
(22028, 10, 0, 29.040000915527344, '2023-03-12 21:34:31'),
(22029, 11, 0, 34.970001220703125, '2023-03-12 21:34:31'),
(22030, 12, 0, 17.290000915527344, '2023-03-12 21:34:31'),
(22034, 4, 7.5, 7.275, '2023-03-12 21:34:43'),
(22035, 12, 17.29, 18.8461, '2023-03-12 21:34:44'),
(22036, 7, 152.22, 188.37225, '2023-03-12 21:34:45'),
(22037, 4, 7.275, 7.493250000000001, '2023-03-12 21:34:46'),
(22038, 9, 0.05, 0.061250000000000006, '2023-03-12 21:34:47'),
(22039, 11, 34.97, 37.592749999999995, '2023-03-12 21:34:48'),
(22040, 4, 7.49325, 7.2684524999999995, '2023-03-12 21:34:49'),
(22041, 12, 18.8461, 20.542248999999998, '2023-03-12 21:34:50'),
(22042, 1, 10, 9.9, '2023-03-12 21:34:51'),
(22043, 1, 9.9, 9.801, '2023-03-12 21:34:52'),
(22044, 4, 7.26845, 7.4865034999999995, '2023-03-12 21:34:53'),
(22045, 12, 20.5422, 22.390998, '2023-03-12 21:34:54'),
(22046, 3, 2.5, 2.5125, '2023-03-12 21:34:55'),
(22047, 3, 2.5125, 2.5250625, '2023-03-12 21:34:56'),
(22048, 3, 2.52506, 2.5124347, '2023-03-12 21:34:57'),
(22049, 6, 4781.41, 5916.994875, '2023-03-12 21:34:58'),
(22050, 3, 2.51243, 2.52499215, '2023-03-12 21:34:59'),
(22051, 2, 5, 5.125, '2023-03-12 21:35:01'),
(22052, 4, 7.4865, 7.711095, '2023-03-12 21:35:02'),
(22053, 11, 37.5928, 40.412259999999996, '2023-03-12 21:35:03'),
(22054, 2, 5.125, 5.253125, '2023-03-12 21:35:04'),
(22055, 10, 29.04, 30.2016, '2023-03-12 21:35:05'),
(22056, 11, 40.4123, 43.443222500000005, '2023-03-12 21:35:06'),
(22057, 3, 2.52499, 2.5123650499999997, '2023-03-12 21:35:07'),
(22058, 4, 7.71109, 7.4797573, '2023-03-12 21:35:08'),
(22059, 12, 22.391, 24.40619, '2023-03-12 21:35:09'),
(22060, 5, 15, 14.8875, '2023-03-12 21:35:10'),
(22061, 5, 14.8875, 14.77584375, '2023-03-12 21:35:11'),
(22062, 5, 14.7758, 14.8866185, '2023-03-12 21:35:12'),
(22063, 2, 5.25313, 5.38445825, '2023-03-12 21:35:13'),
(22064, 5, 14.8866, 14.9982495, '2023-03-12 21:35:14'),
(22065, 7, 188.372, 233.11035, '2023-03-12 21:35:15'),
(22066, 8, 18.13, 13.824124999999999, '2023-03-12 21:35:16'),
(22067, 11, 43.4432, 46.70144, '2023-03-12 21:35:17'),
(22068, 5, 14.9982, 15.1106865, '2023-03-12 21:35:18'),
(22069, 4, 7.47976, 7.7041528, '2023-03-12 21:35:19'),
(22070, 7, 233.11, 288.473625, '2023-03-12 21:35:20'),
(22071, 5, 15.1107, 15.22403025, '2023-03-12 21:35:21'),
(22072, 11, 46.7014, 50.204005, '2023-03-12 21:35:22'),
(22073, 5, 15.224, 15.33818, '2023-03-12 21:35:23'),
(22074, 12, 24.4062, 26.602757999999998, '2023-03-12 21:35:24'),
(22075, 12, 26.6028, 28.997051999999996, '2023-03-12 21:35:25'),
(22076, 5, 15.3382, 15.453236500000001, '2023-03-12 21:35:26'),
(22077, 5, 15.4532, 15.337301, '2023-03-12 21:35:27'),
(22078, 8, 13.8241, 17.10732375, '2023-03-12 21:35:28'),
(22079, 10, 30.2016, 28.993536, '2023-03-12 21:35:29'),
(22080, 3, 2.51237, 2.4998081500000002, '2023-03-12 21:35:30'),
(22081, 3, 2.49981, 2.5123090500000003, '2023-03-12 21:35:31'),
(22082, 2, 5.38446, 5.5190715, '2023-03-12 21:35:32'),
(22083, 6, 5917, 4511.7125, '2023-03-12 21:35:33'),
(22084, 8, 17.1073, 21.17028375, '2023-03-12 21:35:34'),
(22085, 8, 21.1703, 26.19824625, '2023-03-12 21:35:35'),
(22086, 3, 2.51231, 2.49974845, '2023-03-12 21:35:36'),
(22087, 2, 5.51907, 5.65704675, '2023-03-12 21:35:37'),
(22088, 8, 26.1982, 32.420272499999996, '2023-03-12 21:35:38'),
(22089, 3, 2.49975, 2.5122487500000004, '2023-03-12 21:35:39'),
(22090, 10, 28.9935, 30.15324, '2023-03-12 21:35:40'),
(22091, 11, 50.204, 46.4387, '2023-03-12 21:35:41'),
(22092, 3, 2.51225, 2.52481125, '2023-03-12 21:35:42'),
(22093, 12, 28.9971, 26.387361, '2023-03-12 21:35:43'),
(22094, 8, 32.4203, 40.12012125, '2023-03-12 21:35:44'),
(22095, 1, 9.801, 9.89901, '2023-03-12 21:35:45'),
(22096, 7, 288.474, 356.986575, '2023-03-12 21:35:46'),
(22097, 4, 7.70415, 7.9352745, '2023-03-12 21:35:47'),
(22098, 2, 5.65705, 5.51562375, '2023-03-12 21:35:48'),
(22099, 1, 9.89901, 9.9980001, '2023-03-12 21:35:49'),
(22100, 6, 4511.71, 3440.178875, '2023-03-12 21:35:50'),
(22101, 10, 30.1532, 31.359327999999998, '2023-03-12 21:35:51'),
(22102, 9, 0.06125, 0.04746875, '2023-03-12 21:35:52'),
(22103, 1, 9.998, 9.898019999999999, '2023-03-12 21:35:53'),
(22104, 6, 3440.18, 2623.1372499999998, '2023-03-12 21:35:54'),
(22105, 10, 31.3593, 32.613672, '2023-03-12 21:35:55'),
(22106, 10, 32.6137, 31.309152, '2023-03-12 21:35:56'),
(22107, 9, 0.0474688, 0.05814928, '2023-03-12 21:35:57'),
(22108, 12, 26.3874, 28.762266, '2023-03-12 21:35:58'),
(22109, 1, 9.89802, 9.799039800000001, '2023-03-12 21:35:59'),
(22110, 5, 15.3373, 15.222270250000001, '2023-03-12 21:36:00'),
(22111, 2, 5.51562, 5.6535105, '2023-03-12 21:36:01'),
(22112, 6, 2623.14, 3246.13575, '2023-03-12 21:36:02'),
(22113, 10, 31.3092, 32.561568, '2023-03-12 21:36:03'),
(22114, 5, 15.2223, 15.33646725, '2023-03-12 21:36:04'),
(22115, 8, 40.1201, 30.591576250000003, '2023-03-12 21:36:05'),
(22116, 9, 0.0581493, 0.0712328925, '2023-03-12 21:36:06'),
(22117, 3, 2.52481, 2.53743405, '2023-03-12 21:36:07'),
(22118, 3, 2.53743, 2.55011715, '2023-03-12 21:36:08'),
(22119, 8, 30.5916, 23.326095000000002, '2023-03-12 21:36:09'),
(22120, 2, 5.65351, 5.51217225, '2023-03-12 21:36:10'),
(22121, 12, 28.7623, 26.173693, '2023-03-12 21:36:11'),
(22122, 7, 356.987, 272.20258750000005, '2023-03-12 21:36:12'),
(22123, 4, 7.93527, 8.1733281, '2023-03-12 21:36:13'),
(22124, 1, 9.79904, 9.8970304, '2023-03-12 21:36:14'),
(22125, 6, 3246.14, 2475.1817499999997, '2023-03-12 21:36:15'),
(22126, 4, 8.17333, 7.9281301, '2023-03-12 21:36:16'),
(22127, 6, 2475.18, 1887.3247499999998, '2023-03-12 21:36:17'),
(22128, 4, 7.92813, 7.690286100000001, '2023-03-12 21:36:18'),
(22129, 9, 0.0712329, 0.055205497500000006, '2023-03-12 21:36:19'),
(22130, 2, 5.51217, 5.6499742500000005, '2023-03-12 21:36:20'),
(22131, 10, 32.5616, 31.259135999999998, '2023-03-12 21:36:21'),
(22132, 2, 5.64997, 5.791219249999999, '2023-03-12 21:36:22'),
(22133, 4, 7.69029, 7.4595813, '2023-03-12 21:36:23'),
(22134, 1, 9.89703, 9.798059700000001, '2023-03-12 21:36:24'),
(22135, 11, 46.4387, 49.9216025, '2023-03-12 21:36:25'),
(22136, 12, 26.1737, 28.529333, '2023-03-12 21:36:26'),
(22137, 5, 15.3365, 15.45152375, '2023-03-12 21:36:27'),
(22138, 3, 2.55012, 2.5628706, '2023-03-12 21:36:28'),
(22139, 5, 15.4515, 15.335613749999998, '2023-03-12 21:36:29'),
(22140, 1, 9.79806, 9.7000794, '2023-03-12 21:36:30'),
(22141, 7, 272.203, 336.8512125, '2023-03-12 21:36:31'),
(22142, 8, 23.3261, 17.78615125, '2023-03-12 21:36:32'),
(22143, 7, 336.851, 256.8488875, '2023-03-12 21:36:33'),
(22144, 2, 5.79122, 5.9360005000000005, '2023-03-12 21:36:34'),
(22145, 11, 49.9216, 53.66572, '2023-03-12 21:36:36'),
(22146, 7, 256.849, 317.8506375, '2023-03-12 21:36:37'),
(22147, 2, 5.936, 5.7876, '2023-03-12 21:36:38'),
(22148, 10, 31.2591, 30.008736, '2023-03-12 21:36:39'),
(22149, 10, 30.0087, 31.209048000000003, '2023-03-12 21:36:40'),
(22150, 10, 31.209, 29.960639999999998, '2023-03-12 21:36:41'),
(22151, 11, 53.6657, 49.640772500000004, '2023-03-12 21:36:42'),
(22152, 10, 29.9606, 31.159024, '2023-03-12 21:36:43'),
(22153, 3, 2.56287, 2.5756843500000004, '2023-03-12 21:36:44'),
(22154, 3, 2.57568, 2.5885584, '2023-03-12 21:36:45'),
(22155, 4, 7.45958, 7.2357926, '2023-03-12 21:36:46'),
(22156, 1, 9.70008, 9.6030792, '2023-03-12 21:36:47'),
(22157, 6, 1887.32, 2335.5585, '2023-03-12 21:36:48'),
(22158, 7, 317.851, 242.3613875, '2023-03-12 21:36:49'),
(22159, 12, 28.5293, 31.096937, '2023-03-12 21:36:50'),
(22160, 3, 2.58856, 2.6015028, '2023-03-12 21:36:51'),
(22161, 6, 2335.56, 2890.2554999999998, '2023-03-12 21:36:52'),
(22162, 4, 7.23579, 7.0187162999999995, '2023-03-12 21:36:53'),
(22163, 6, 2890.26, 3576.69675, '2023-03-12 21:36:54'),
(22164, 2, 5.7876, 5.93229, '2023-03-12 21:36:55'),
(22165, 1, 9.60308, 9.6991108, '2023-03-12 21:36:56'),
(22166, 7, 242.361, 184.8002625, '2023-03-12 21:36:57'),
(22167, 11, 49.6408, 45.91774, '2023-03-12 21:36:58'),
(22168, 2, 5.93229, 5.78398275, '2023-03-12 21:36:59'),
(22169, 8, 17.7862, 13.561977500000001, '2023-03-12 21:37:00'),
(22170, 2, 5.78398, 5.6393805, '2023-03-12 21:37:01'),
(22171, 5, 15.3356, 15.450617, '2023-03-12 21:37:02'),
(22172, 1, 9.69911, 9.7961011, '2023-03-12 21:37:03'),
(22173, 6, 3576.7, 4426.16625, '2023-03-12 21:37:04'),
(22174, 1, 9.7961, 9.698139, '2023-03-12 21:37:05'),
(22175, 2, 5.63938, 5.4983955, '2023-03-12 21:37:06'),
(22176, 11, 45.9177, 49.3615275, '2023-03-12 21:37:07'),
(22177, 9, 0.0552055, 0.06762673749999999, '2023-03-12 21:37:08'),
(22178, 6, 4426.17, 5477.385375, '2023-03-12 21:37:09'),
(22179, 10, 31.159, 32.40536, '2023-03-12 21:37:10'),
(22180, 5, 15.4506, 15.5664795, '2023-03-12 21:37:11'),
(22181, 2, 5.4984, 5.36094, '2023-03-12 21:37:12'),
(22182, 3, 2.6015, 2.6145075, '2023-03-12 21:37:13'),
(22183, 4, 7.01872, 7.2292816, '2023-03-12 21:37:14'),
(22184, 4, 7.22928, 7.4461584, '2023-03-12 21:37:15'),
(22185, 8, 13.562, 16.782975, '2023-03-12 21:37:16'),
(22186, 9, 0.0676267, 0.052410692499999995, '2023-03-12 21:37:17'),
(22187, 4, 7.44616, 7.2227752, '2023-03-12 21:37:18'),
(22188, 10, 32.4054, 31.109184, '2023-03-12 21:37:19'),
(22189, 1, 9.69814, 9.6011586, '2023-03-12 21:37:20'),
(22190, 8, 16.783, 20.7689625, '2023-03-12 21:37:21'),
(22191, 11, 49.3615, 53.0636125, '2023-03-12 21:37:22'),
(22192, 3, 2.61451, 2.60143745, '2023-03-12 21:37:23'),
(22193, 1, 9.60116, 9.6971716, '2023-03-12 21:37:24'),
(22194, 4, 7.22277, 7.0060869, '2023-03-12 21:37:25'),
(22195, 12, 31.0969, 33.895621, '2023-03-12 21:37:26'),
(22196, 9, 0.0524107, 0.0406182925, '2023-03-12 21:37:27'),
(22197, 9, 0.0406183, 0.0314791825, '2023-03-12 21:37:28'),
(22198, 4, 7.00609, 6.7959073000000005, '2023-03-12 21:37:29'),
(22199, 6, 5477.39, 6778.270125, '2023-03-12 21:37:30'),
(22200, 7, 184.8, 228.69, '2023-03-12 21:37:31'),
(22201, 6, 6778.27, 8388.109125, '2023-03-12 21:37:32'),
(22202, 9, 0.0314792, 0.02439638, '2023-03-12 21:37:33'),
(22203, 3, 2.60144, 2.5884328, '2023-03-12 21:37:34'),
(22204, 4, 6.79591, 6.9997873, '2023-03-12 21:37:35'),
(22205, 1, 9.69717, 9.794141699999999, '2023-03-12 21:37:36'),
(22206, 1, 9.79414, 9.8920814, '2023-03-12 21:37:37'),
(22207, 10, 31.1092, 29.864832, '2023-03-12 21:37:38'),
(22208, 6, 8388.11, 10380.286125, '2023-03-12 21:37:39'),
(22209, 7, 228.69, 174.376125, '2023-03-12 21:37:40'),
(22210, 5, 15.5665, 15.683248749999999, '2023-03-12 21:37:41'),
(22211, 5, 15.6832, 15.565576, '2023-03-12 21:37:42'),
(22212, 9, 0.0243964, 0.029885589999999997, '2023-03-12 21:37:43'),
(22213, 8, 20.769, 25.701637499999997, '2023-03-12 21:37:44'),
(22214, 8, 25.7016, 19.59747, '2023-03-12 21:37:45'),
(22215, 3, 2.58843, 2.60137215, '2023-03-12 21:37:46'),
(22216, 9, 0.0298856, 0.02316134, '2023-03-12 21:37:47'),
(22217, 1, 9.89208, 9.7931592, '2023-03-12 21:37:48'),
(22218, 3, 2.60137, 2.61437685, '2023-03-12 21:37:49'),
(22219, 9, 0.0231613, 0.0283725925, '2023-03-12 21:37:50'),
(22220, 12, 33.8956, 30.844996000000002, '2023-03-12 21:37:51'),
(22221, 3, 2.61438, 2.6013081000000002, '2023-03-12 21:37:52'),
(22222, 12, 30.845, 28.06895, '2023-03-12 21:37:53'),
(22223, 2, 5.36094, 5.4949635, '2023-03-12 21:37:54'),
(22224, 1, 9.79316, 9.891091600000001, '2023-03-12 21:37:55'),
(22225, 4, 6.99979, 7.2097837, '2023-03-12 21:37:56'),
(22226, 5, 15.5656, 15.682342, '2023-03-12 21:37:57'),
(22227, 11, 53.0636, 49.08383, '2023-03-12 21:37:58'),
(22228, 7, 174.376, 132.9617, '2023-03-12 21:37:59'),
(22229, 8, 19.5975, 24.25190625, '2023-03-12 21:38:00'),
(22230, 7, 132.962, 164.540475, '2023-03-12 21:38:01'),
(22231, 6, 10380.3, 12845.621249999998, '2023-03-12 21:38:02'),
(22232, 2, 5.49496, 5.3575859999999995, '2023-03-12 21:38:03'),
(22233, 8, 24.2519, 18.49207375, '2023-03-12 21:38:04'),
(22234, 4, 7.20978, 7.4260734, '2023-03-12 21:38:05'),
(22235, 1, 9.89109, 9.7921791, '2023-03-12 21:38:06'),
(22236, 7, 164.54, 203.61825, '2023-03-12 21:38:07'),
(22237, 1, 9.79218, 9.6942582, '2023-03-12 21:38:09'),
(22238, 8, 18.4921, 22.883973750000003, '2023-03-12 21:38:10'),
(22239, 6, 12845.6, 9794.77, '2023-03-12 21:38:11'),
(22240, 6, 9794.77, 12121.027875, '2023-03-12 21:38:12'),
(22241, 1, 9.69426, 9.5973174, '2023-03-12 21:38:13'),
(22242, 9, 0.0283726, 0.021988765, '2023-03-12 21:38:14'),
(22243, 4, 7.42607, 7.6488521, '2023-03-12 21:38:15'),
(22244, 2, 5.35759, 5.22365025, '2023-03-12 21:38:16'),
(22245, 11, 49.0838, 52.765085, '2023-03-12 21:38:17'),
(22246, 4, 7.64885, 7.8783155, '2023-03-12 21:38:18'),
(22247, 10, 29.8648, 28.670208, '2023-03-12 21:38:19'),
(22248, 9, 0.0219888, 0.02693628, '2023-03-12 21:38:20'),
(22249, 5, 15.6823, 15.79991725, '2023-03-12 21:38:21'),
(22250, 11, 52.7651, 56.7224825, '2023-03-12 21:38:22'),
(22251, 9, 0.0269363, 0.0329969675, '2023-03-12 21:38:23'),
(22252, 2, 5.22365, 5.35424125, '2023-03-12 21:38:24'),
(22253, 5, 15.7999, 15.918399249999998, '2023-03-12 21:38:25'),
(22254, 10, 28.6702, 27.523392, '2023-03-12 21:38:26'),
(22255, 9, 0.032997, 0.040421325, '2023-03-12 21:38:27'),
(22256, 2, 5.35424, 5.488096, '2023-03-12 21:38:28'),
(22257, 3, 2.60131, 2.61431655, '2023-03-12 21:38:29'),
(22258, 11, 56.7225, 52.468312499999996, '2023-03-12 21:38:30'),
(22259, 5, 15.9184, 16.037788, '2023-03-12 21:38:31'),
(22260, 10, 27.5234, 28.624336, '2023-03-12 21:38:32'),
(22261, 11, 52.4683, 48.5331775, '2023-03-12 21:38:33'),
(22262, 12, 28.069, 30.595209999999998, '2023-03-12 21:38:34'),
(22263, 8, 22.884, 28.31895, '2023-03-12 21:38:35'),
(22264, 1, 9.59732, 9.6932932, '2023-03-12 21:38:36'),
(22265, 12, 30.5952, 33.348768, '2023-03-12 21:38:37'),
(22266, 8, 28.319, 21.5932375, '2023-03-12 21:38:38'),
(22267, 5, 16.0378, 15.917516500000001, '2023-03-12 21:38:39'),
(22268, 4, 7.87832, 8.114669600000001, '2023-03-12 21:38:40'),
(22269, 10, 28.6243, 29.769272, '2023-03-12 21:38:41'),
(22270, 9, 0.0404213, 0.0313265075, '2023-03-12 21:38:43'),
(22271, 7, 203.618, 251.977275, '2023-03-12 21:38:44'),
(22272, 10, 29.7693, 30.960072, '2023-03-12 21:38:45'),
(22273, 7, 251.977, 192.1324625, '2023-03-12 21:38:46'),
(22274, 12, 33.3488, 30.347407999999998, '2023-03-12 21:38:47'),
(22275, 5, 15.9175, 15.79811875, '2023-03-12 21:38:48'),
(22276, 9, 0.0313265, 0.024278037500000002, '2023-03-12 21:38:49'),
(22277, 7, 192.132, 237.76335, '2023-03-12 21:38:50'),
(22278, 5, 15.7981, 15.67961425, '2023-03-12 21:38:51'),
(22279, 12, 30.3474, 27.616134000000002, '2023-03-12 21:38:52'),
(22280, 3, 2.61432, 2.6273916, '2023-03-12 21:38:53'),
(22281, 3, 2.62739, 2.64052695, '2023-03-12 21:38:54'),
(22282, 12, 27.6161, 30.101549, '2023-03-12 21:38:55'),
(22283, 7, 237.763, 181.2942875, '2023-03-12 21:38:57'),
(22284, 8, 21.5932, 16.464815, '2023-03-12 21:38:58'),
(22285, 8, 16.4648, 12.55441, '2023-03-12 21:38:59'),
(22286, 1, 9.69329, 9.596357099999999, '2023-03-12 21:39:00'),
(22287, 12, 30.1015, 32.810635000000005, '2023-03-12 21:39:01'),
(22288, 12, 32.8106, 29.857646000000003, '2023-03-12 21:39:02'),
(22289, 3, 2.64053, 2.6537326500000002, '2023-03-12 21:39:03'),
(22290, 9, 0.024278, 0.02974055, '2023-03-12 21:39:04'),
(22291, 10, 30.9601, 32.198504, '2023-03-12 21:39:06'),
(22292, 6, 12121, 14999.7375, '2023-03-12 21:39:07'),
(22293, 12, 29.8576, 27.170416000000003, '2023-03-12 21:39:08'),
(22294, 6, 14999.7, 18562.12875, '2023-03-12 21:39:09'),
(22295, 10, 32.1985, 30.910560000000004, '2023-03-12 21:39:10'),
(22296, 3, 2.65373, 2.64046135, '2023-03-12 21:39:11'),
(22297, 10, 30.9106, 29.674176, '2023-03-12 21:39:12'),
(22298, 10, 29.6742, 30.861168, '2023-03-12 21:39:13'),
(22299, 11, 48.5332, 44.89321, '2023-03-12 21:39:14'),
(22300, 5, 15.6796, 15.797197, '2023-03-12 21:39:15'),
(22301, 4, 8.11467, 8.358110100000001, '2023-03-12 21:39:16'),
(22302, 4, 8.35811, 8.1073667, '2023-03-12 21:39:17'),
(22303, 11, 44.8932, 48.26019, '2023-03-12 21:39:18'),
(22304, 11, 48.2602, 44.640685, '2023-03-12 21:39:19'),
(22305, 12, 27.1704, 29.615736000000002, '2023-03-12 21:39:20'),
(22306, 2, 5.4881, 5.6253025, '2023-03-12 21:39:21'),
(22307, 2, 5.6253, 5.7659325, '2023-03-12 21:39:22'),
(22308, 11, 44.6407, 47.988752500000004, '2023-03-12 21:39:23'),
(22309, 6, 18562.1, 14153.60125, '2023-03-12 21:39:24'),
(22310, 7, 181.294, 138.23667500000002, '2023-03-12 21:39:25'),
(22311, 11, 47.9888, 51.587959999999995, '2023-03-12 21:39:26'),
(22312, 4, 8.10737, 7.8641489, '2023-03-12 21:39:27'),
(22313, 1, 9.59636, 9.6923236, '2023-03-12 21:39:28'),
(22314, 10, 30.8612, 29.626752, '2023-03-12 21:39:29'),
(22315, 6, 14153.6, 17515.08, '2023-03-12 21:39:30'),
(22316, 9, 0.0297405, 0.0230488875, '2023-03-12 21:39:31'),
(22317, 3, 2.64046, 2.6272577, '2023-03-12 21:39:32'),
(22318, 1, 9.69232, 9.5953968, '2023-03-12 21:39:33'),
(22319, 7, 138.237, 171.0682875, '2023-03-12 21:39:34'),
(22320, 9, 0.0230489, 0.0282349025, '2023-03-12 21:39:35'),
(22321, 2, 5.76593, 5.91007825, '2023-03-12 21:39:36'),
(22322, 2, 5.91008, 5.762328, '2023-03-12 21:39:37'),
(22323, 4, 7.86415, 8.1000745, '2023-03-12 21:39:38'),
(22324, 4, 8.10007, 8.3430721, '2023-03-12 21:39:39'),
(22325, 10, 29.6268, 28.441727999999998, '2023-03-12 21:39:40'),
(22326, 6, 17515.1, 13355.263749999998, '2023-03-12 21:39:41'),
(22327, 8, 12.5544, 9.57273, '2023-03-12 21:39:42'),
(22328, 7, 171.068, 130.43935000000002, '2023-03-12 21:39:43'),
(22329, 3, 2.62726, 2.6403963000000004, '2023-03-12 21:39:44'),
(22330, 6, 13355.3, 16527.18375, '2023-03-12 21:39:45'),
(22331, 9, 0.0282349, 0.0218820475, '2023-03-12 21:39:46'),
(22332, 2, 5.76233, 5.90638825, '2023-03-12 21:39:48'),
(22333, 8, 9.57273, 7.299206625, '2023-03-12 21:39:49'),
(22334, 6, 16527.2, 20452.41, '2023-03-12 21:39:50'),
(22335, 10, 28.4417, 29.579368000000002, '2023-03-12 21:39:51'),
(22336, 7, 130.439, 161.4182625, '2023-03-12 21:39:52'),
(22337, 7, 161.418, 199.754775, '2023-03-12 21:39:53'),
(22338, 5, 15.7972, 15.915679, '2023-03-12 21:39:54'),
(22339, 10, 29.5794, 30.762576, '2023-03-12 21:39:55'),
(22340, 8, 7.29921, 5.565647625, '2023-03-12 21:39:56'),
(22341, 1, 9.5954, 9.691354, '2023-03-12 21:39:57'),
(22342, 1, 9.69135, 9.7882635, '2023-03-12 21:39:58'),
(22343, 9, 0.021882, 0.026805449999999998, '2023-03-12 21:39:59'),
(22344, 1, 9.78826, 9.8861426, '2023-03-12 21:40:00'),
(22345, 2, 5.90639, 6.05404975, '2023-03-12 21:40:01'),
(22346, 6, 20452.4, 25309.845, '2023-03-12 21:40:02'),
(22347, 1, 9.88614, 9.787278599999999, '2023-03-12 21:40:03'),
(22348, 4, 8.34307, 8.092777900000002, '2023-03-12 21:40:04'),
(22349, 4, 8.09278, 8.3355634, '2023-03-12 21:40:05'),
(22350, 1, 9.78728, 9.689407200000002, '2023-03-12 21:40:06'),
(22351, 9, 0.0268054, 0.032836615, '2023-03-12 21:40:07'),
(22352, 2, 6.05405, 5.90269875, '2023-03-12 21:40:08'),
(22353, 12, 29.6157, 26.950287, '2023-03-12 21:40:09'),
(22354, 2, 5.9027, 6.0502675, '2023-03-12 21:40:10'),
(22355, 6, 25309.8, 31320.8775, '2023-03-12 21:40:11'),
(22356, 10, 30.7626, 29.532096, '2023-03-12 21:40:12'),
(22357, 2, 6.05027, 6.20152675, '2023-03-12 21:40:13'),
(22358, 4, 8.33556, 8.085493199999998, '2023-03-12 21:40:14'),
(22359, 3, 2.6404, 2.627198, '2023-03-12 21:40:15'),
(22360, 8, 5.56565, 4.243808125, '2023-03-12 21:40:16'),
(22361, 11, 51.588, 47.7189, '2023-03-12 21:40:17'),
(22362, 1, 9.68941, 9.5925159, '2023-03-12 21:40:18'),
(22363, 11, 47.7189, 51.2978175, '2023-03-12 21:40:19'),
(22364, 1, 9.59252, 9.6884452, '2023-03-12 21:40:20'),
(22365, 2, 6.20153, 6.35656825, '2023-03-12 21:40:21'),
(22366, 8, 4.24381, 5.251714874999999, '2023-03-12 21:40:22'),
(22367, 2, 6.35657, 6.515484249999999, '2023-03-12 21:40:23'),
(22368, 7, 199.755, 247.1968125, '2023-03-12 21:40:24'),
(22369, 5, 15.9157, 16.03506775, '2023-03-12 21:40:25'),
(22370, 12, 26.9503, 29.375826999999997, '2023-03-12 21:40:26'),
(22371, 12, 29.3758, 26.731978, '2023-03-12 21:40:27'),
(22372, 4, 8.08549, 8.328054700000001, '2023-03-12 21:40:28'),
(22373, 7, 247.197, 188.48771250000001, '2023-03-12 21:40:29'),
(22374, 1, 9.68845, 9.7853345, '2023-03-12 21:40:30'),
(22375, 5, 16.0351, 16.15536325, '2023-03-12 21:40:31'),
(22376, 1, 9.78533, 9.8831833, '2023-03-12 21:40:32'),
(22377, 7, 188.488, 233.2539, '2023-03-12 21:40:33'),
(22378, 12, 26.732, 24.32612, '2023-03-12 21:40:34'),
(22379, 3, 2.6272, 2.6140640000000004, '2023-03-12 21:40:35'),
(22380, 10, 29.5321, 30.713384, '2023-03-12 21:40:36'),
(22381, 11, 51.2978, 55.145135, '2023-03-12 21:40:37'),
(22382, 12, 24.3261, 26.515449, '2023-03-12 21:40:38'),
(22383, 5, 16.1554, 16.2765655, '2023-03-12 21:40:39'),
(22384, 6, 31320.9, 23882.186250000002, '2023-03-12 21:40:40'),
(22385, 4, 8.32805, 8.5778915, '2023-03-12 21:40:41'),
(22386, 4, 8.57789, 8.8352267, '2023-03-12 21:40:42'),
(22387, 7, 233.254, 177.856175, '2023-03-12 21:40:43'),
(22388, 11, 55.1451, 59.2809825, '2023-03-12 21:40:44'),
(22389, 1, 9.88318, 9.7843482, '2023-03-12 21:40:45'),
(22390, 6, 23882.2, 29554.2225, '2023-03-12 21:40:46'),
(22391, 6, 29554.2, 36573.3225, '2023-03-12 21:40:47'),
(22392, 3, 2.61406, 2.6009897, '2023-03-12 21:40:48'),
(22393, 7, 177.856, 220.0968, '2023-03-12 21:40:49'),
(22394, 9, 0.0328366, 0.040224835, '2023-03-12 21:40:50'),
(22395, 8, 5.25171, 4.004428875, '2023-03-12 21:40:52'),
(22396, 4, 8.83523, 9.100286899999999, '2023-03-12 21:40:53'),
(22397, 5, 16.2766, 16.3986745, '2023-03-12 21:40:54'),
(22398, 3, 2.60099, 2.61399495, '2023-03-12 21:40:55'),
(22399, 6, 36573.3, 27887.14125, '2023-03-12 21:40:56'),
(22400, 8, 4.00443, 3.0533778750000002, '2023-03-12 21:40:57'),
(22401, 11, 59.281, 63.727075, '2023-03-12 21:40:58'),
(22402, 9, 0.0402248, 0.049275379999999994, '2023-03-12 21:40:59'),
(22403, 7, 220.097, 167.8239625, '2023-03-12 21:41:00'),
(22404, 1, 9.78435, 9.8821935, '2023-03-12 21:41:01'),
(22405, 5, 16.3987, 16.521690250000002, '2023-03-12 21:41:02'),
(22406, 4, 9.10029, 9.3732987, '2023-03-12 21:41:03'),
(22407, 8, 3.05338, 2.3282022500000004, '2023-03-12 21:41:04'),
(22408, 3, 2.61399, 2.62705995, '2023-03-12 21:41:05'),
(22409, 4, 9.3733, 9.654499000000001, '2023-03-12 21:41:06'),
(22410, 1, 9.88219, 9.9810119, '2023-03-12 21:41:07'),
(22411, 5, 16.5217, 16.39778725, '2023-03-12 21:41:08'),
(22412, 2, 6.51548, 6.678367, '2023-03-12 21:41:09'),
(22413, 11, 63.7271, 58.9475675, '2023-03-12 21:41:10'),
(22414, 6, 27887.1, 21263.91375, '2023-03-12 21:41:11'),
(22415, 9, 0.0492754, 0.060362364999999994, '2023-03-12 21:41:12'),
(22416, 9, 0.0603624, 0.07394394, '2023-03-12 21:41:13'),
(22417, 2, 6.67837, 6.84532925, '2023-03-12 21:41:14'),
(22418, 1, 9.98101, 9.881199899999999, '2023-03-12 21:41:15'),
(22419, 4, 9.6545, 9.944135000000001, '2023-03-12 21:41:16'),
(22420, 4, 9.94413, 10.2424539, '2023-03-12 21:41:17'),
(22421, 12, 26.5154, 24.129013999999998, '2023-03-12 21:41:18'),
(22422, 9, 0.0739439, 0.057306522500000005, '2023-03-12 21:41:19'),
(22423, 1, 9.8812, 9.980012, '2023-03-12 21:41:20'),
(22424, 8, 2.3282, 2.8811475, '2023-03-12 21:41:21'),
(22425, 1, 9.98001, 9.8802099, '2023-03-12 21:41:22'),
(22426, 8, 2.88115, 3.5654231249999997, '2023-03-12 21:41:23'),
(22427, 8, 3.56542, 4.41220725, '2023-03-12 21:41:24'),
(22428, 2, 6.84533, 6.67419675, '2023-03-12 21:41:25'),
(22429, 3, 2.62706, 2.6401953000000002, '2023-03-12 21:41:26'),
(22430, 12, 24.129, 26.300610000000002, '2023-03-12 21:41:27'),
(22431, 8, 4.41221, 3.3643101250000003, '2023-03-12 21:41:28'),
(22432, 5, 16.3978, 16.2748165, '2023-03-12 21:41:29'),
(22433, 6, 21263.9, 26314.076250000002, '2023-03-12 21:41:30'),
(22434, 2, 6.6742, 6.507345, '2023-03-12 21:41:31'),
(22435, 2, 6.50735, 6.67003375, '2023-03-12 21:41:32'),
(22436, 1, 9.88021, 9.7814079, '2023-03-12 21:41:33'),
(22437, 6, 26314.1, 32563.698749999996, '2023-03-12 21:41:34'),
(22438, 10, 30.7134, 31.941936000000002, '2023-03-12 21:41:35'),
(22439, 3, 2.6402, 2.653401, '2023-03-12 21:41:36'),
(22440, 9, 0.0573065, 0.0702004625, '2023-03-12 21:41:37'),
(22441, 1, 9.78141, 9.8792241, '2023-03-12 21:41:38'),
(22442, 5, 16.2748, 16.396860999999998, '2023-03-12 21:41:39'),
(22443, 2, 6.67003, 6.503279249999999, '2023-03-12 21:41:40'),
(22444, 7, 167.824, 207.68220000000002, '2023-03-12 21:41:41'),
(22445, 1, 9.87922, 9.9780122, '2023-03-12 21:41:42'),
(22446, 4, 10.2425, 10.549775, '2023-03-12 21:41:43'),
(22447, 2, 6.50328, 6.340698, '2023-03-12 21:41:44'),
(22448, 2, 6.3407, 6.4992175, '2023-03-12 21:41:45'),
(22449, 5, 16.3969, 16.519876749999998, '2023-03-12 21:41:46'),
(22450, 9, 0.0702005, 0.0859956125, '2023-03-12 21:41:47'),
(22451, 9, 0.0859956, 0.10534461, '2023-03-12 21:41:48'),
(22452, 3, 2.6534, 2.640133, '2023-03-12 21:41:49'),
(22453, 9, 0.105345, 0.129047625, '2023-03-12 21:41:50'),
(22454, 1, 9.97801, 9.8782299, '2023-03-12 21:41:51'),
(22455, 2, 6.49922, 6.6617005, '2023-03-12 21:41:52'),
(22456, 4, 10.5498, 10.866294, '2023-03-12 21:41:53'),
(22457, 7, 207.682, 257.00647499999997, '2023-03-12 21:41:54'),
(22458, 10, 31.9419, 33.219576, '2023-03-12 21:41:55'),
(22459, 7, 257.006, 195.96707499999997, '2023-03-12 21:41:56'),
(22460, 2, 6.6617, 6.8282425, '2023-03-12 21:41:57'),
(22461, 6, 32563.7, 24829.82125, '2023-03-12 21:41:58'),
(22462, 6, 24829.8, 18932.7225, '2023-03-12 21:41:59'),
(22463, 11, 58.9476, 54.52653, '2023-03-12 21:42:00'),
(22464, 11, 54.5265, 58.615987499999996, '2023-03-12 21:42:01'),
(22465, 8, 3.36431, 4.163333625, '2023-03-12 21:42:03'),
(22466, 3, 2.64013, 2.62692935, '2023-03-12 21:42:04'),
(22467, 12, 26.3006, 28.667654, '2023-03-12 21:42:05'),
(22468, 6, 18932.7, 14436.18375, '2023-03-12 21:42:06'),
(22469, 5, 16.5199, 16.64379925, '2023-03-12 21:42:07'),
(22470, 9, 0.129048, 0.1000122, '2023-03-12 21:42:08'),
(22471, 10, 33.2196, 34.548384, '2023-03-12 21:42:09'),
(22472, 4, 10.8663, 11.192289, '2023-03-12 21:42:10'),
(22473, 6, 14436.2, 11007.6025, '2023-03-12 21:42:11'),
(22474, 6, 11007.6, 13621.905, '2023-03-12 21:42:13'),
(22475, 3, 2.62693, 2.6400646500000002, '2023-03-15 15:34:27'),
(22476, 1, 9.87823, 9.9770123, '2023-03-15 15:34:28'),
(22477, 10, 34.5484, 35.930336000000004, '2023-03-15 15:34:29'),
(22478, 7, 195.967, 242.5091625, '2023-03-15 15:34:30'),
(22479, 7, 242.509, 184.91311249999998, '2023-03-15 15:34:31'),
(22480, 10, 35.9303, 34.493088, '2023-03-15 16:31:56'),
(22481, 4, 11.1923, 11.528068999999999, '2023-03-15 16:36:11'),
(22482, 7, 184.913, 242.8832255, '2023-03-15 16:36:56'),
(22483, 2, 6.82824, 6.998946, '2023-03-15 16:43:44'),
(22484, 5, 16.6438, 16.7686285, '2023-03-15 17:36:04'),
(22485, 5, 16.7686, 16.6428355, '2023-03-15 17:37:41'),
(22486, 10, 34.4931, 33.113375999999995, '2023-03-15 17:38:28'),
(22487, 11, 58.616, 54.2198, '2023-03-15 17:43:14'),
(22488, 6, 13621.9, 9351.43435, '2023-03-15 17:52:01'),
(22489, 2, 6.99895, 7.17392375, '2023-03-15 17:53:08'),
(22490, 8, 4.16333, 5.468533955, '2023-03-15 17:58:15'),
(22491, 9, 0.100012, 0.070308436, '2023-03-15 17:59:19'),
(22492, 6, 9351.43, 6419.756695, '2023-03-15 18:03:27'),
(22493, 5, 16.6428, 16.517979, '2023-03-15 18:07:17'),
(22494, 1, 9.97701, 9.8772399, '2023-03-15 18:16:10'),
(22495, 5, 16.518, 16.394115, '2023-03-15 18:17:35'),
(22496, 1, 9.87724, 9.7784676, '2023-03-15 18:26:10'),
(22497, 5, 16.3941, 16.51705575, '2023-03-15 18:34:57'),
(22498, 7, 242.883, 319.0268205, '2023-03-15 18:43:12'),
(22499, 2, 7.17392, 7.353268, '2023-03-15 18:44:03'),
(22500, 3, 2.64006, 2.6532603, '2023-03-15 18:50:23'),
(22501, 10, 33.1134, 34.437936, '2023-03-15 18:56:05'),
(22502, 4, 11.5281, 11.873943, '2023-03-15 19:03:17'),
(22503, 6, 6419.76, 8432.35476, '2023-03-15 19:07:59'),
(22504, 1, 9.77847, 9.8762547, '2023-03-15 19:14:13'),
(22505, 2, 7.35327, 7.537101750000001, '2023-03-15 19:14:49'),
(22506, 9, 0.0703084, 0.0911899948, '2023-03-15 19:21:02'),
(22507, 8, 5.46853, 7.182914155000001, '2023-03-15 19:29:10'),
(22508, 3, 2.65326, 2.6665263, '2023-03-15 19:34:47'),
(22509, 2, 7.5371, 7.7255275, '2023-03-15 19:54:44'),
(22510, 11, 54.2198, 58.286285, '2023-03-15 19:57:43'),
(22511, 4, 11.8739, 12.230117, '2023-03-15 20:04:46'),
(22512, 9, 0.09119, 0.06410656999999999, '2023-03-15 20:09:44'),
(22513, 5, 16.5171, 16.64097825, '2023-03-15 20:16:55'),
(22514, 1, 9.87626, 9.7774974, '2023-03-15 20:18:12'),
(22515, 1, 9.7775, 9.875275, '2023-03-15 20:26:22'),
(22516, 5, 16.641, 16.765807499999998, '2023-03-15 20:26:55'),
(22517, 7, 319.027, 419.04196449999995, '2023-03-15 20:35:34'),
(22518, 8, 7.18291, 4.931067714999999, '2023-03-15 20:36:28'),
(22519, 1, 9.87527, 9.9740227, '2023-03-15 20:43:39'),
(22520, 4, 12.2301, 12.597003, '2023-03-15 20:45:31'),
(22521, 10, 34.4379, 33.060384, '2023-03-15 20:53:05'),
(22522, 9, 0.0641066, 0.0450669398, '2023-04-10 15:44:39');

-- --------------------------------------------------------

--
-- Table structure for table `transactions`
--

CREATE TABLE `transactions` (
  `id` int(11) NOT NULL,
  `player_id` varchar(36) DEFAULT NULL,
  `description` varchar(255) NOT NULL,
  `amount` decimal(10,2) NOT NULL,
  `date` datetime NOT NULL DEFAULT current_timestamp()
) ENGINE=InnoDB DEFAULT CHARSET=utf8mb4 COLLATE=utf8mb4_croatian_ci;

--
-- Indexes for dumped tables
--

--
-- Indexes for table `education`
--
ALTER TABLE `education`
  ADD PRIMARY KEY (`id`),
  ADD KEY `id` (`id`);

--
-- Indexes for table `education_transactions`
--
ALTER TABLE `education_transactions`
  ADD PRIMARY KEY (`id`),
  ADD KEY `player_id` (`player_id`,`education_id`),
  ADD KEY `education_id` (`education_id`);

--
-- Indexes for table `jobs`
--
ALTER TABLE `jobs`
  ADD PRIMARY KEY (`id`),
  ADD KEY `id` (`id`);

--
-- Indexes for table `loans`
--
ALTER TABLE `loans`
  ADD PRIMARY KEY (`id`),
  ADD KEY `player_id` (`player_id`);

--
-- Indexes for table `players`
--
ALTER TABLE `players`
  ADD PRIMARY KEY (`id`),
  ADD UNIQUE KEY `username` (`username`,`email`),
  ADD KEY `id` (`id`,`job_id`,`education_id`),
  ADD KEY `job_id` (`job_id`),
  ADD KEY `education_id` (`education_id`);

--
-- Indexes for table `player_assets`
--
ALTER TABLE `player_assets`
  ADD PRIMARY KEY (`id`);

--
-- Indexes for table `player_cashflow`
--
ALTER TABLE `player_cashflow`
  ADD PRIMARY KEY (`id`),
  ADD KEY `player_id` (`player_id`);

--
-- Indexes for table `player_liabilities`
--
ALTER TABLE `player_liabilities`
  ADD PRIMARY KEY (`id`),
  ADD KEY `player_id` (`player_id`);

--
-- Indexes for table `player_real_estate`
--
ALTER TABLE `player_real_estate`
  ADD PRIMARY KEY (`id`);

--
-- Indexes for table `player_stocks`
--
ALTER TABLE `player_stocks`
  ADD PRIMARY KEY (`id`),
  ADD UNIQUE KEY `player_stock_index` (`player_id`,`stock_id`);

--
-- Indexes for table `player_time`
--
ALTER TABLE `player_time`
  ADD PRIMARY KEY (`id`);

--
-- Indexes for table `real_estate`
--
ALTER TABLE `real_estate`
  ADD PRIMARY KEY (`id`);

--
-- Indexes for table `stocks`
--
ALTER TABLE `stocks`
  ADD PRIMARY KEY (`id`);

--
-- Indexes for table `stock_history`
--
ALTER TABLE `stock_history`
  ADD PRIMARY KEY (`id`);

--
-- Indexes for table `transactions`
--
ALTER TABLE `transactions`
  ADD PRIMARY KEY (`id`),
  ADD KEY `player_id` (`player_id`);

--
-- AUTO_INCREMENT for dumped tables
--

--
-- AUTO_INCREMENT for table `education`
--
ALTER TABLE `education`
  MODIFY `id` int(11) NOT NULL AUTO_INCREMENT, AUTO_INCREMENT=8;

--
-- AUTO_INCREMENT for table `education_transactions`
--
ALTER TABLE `education_transactions`
  MODIFY `id` int(11) NOT NULL AUTO_INCREMENT, AUTO_INCREMENT=10;

--
-- AUTO_INCREMENT for table `jobs`
--
ALTER TABLE `jobs`
  MODIFY `id` int(11) NOT NULL AUTO_INCREMENT, AUTO_INCREMENT=13;

--
-- AUTO_INCREMENT for table `loans`
--
ALTER TABLE `loans`
  MODIFY `id` int(11) NOT NULL AUTO_INCREMENT, AUTO_INCREMENT=25;

--
-- AUTO_INCREMENT for table `player_assets`
--
ALTER TABLE `player_assets`
  MODIFY `id` int(11) NOT NULL AUTO_INCREMENT, AUTO_INCREMENT=11;

--
-- AUTO_INCREMENT for table `player_time`
--
ALTER TABLE `player_time`
  MODIFY `id` int(11) NOT NULL AUTO_INCREMENT, AUTO_INCREMENT=7;

--
-- AUTO_INCREMENT for table `real_estate`
--
ALTER TABLE `real_estate`
  MODIFY `id` int(11) NOT NULL AUTO_INCREMENT, AUTO_INCREMENT=54;

--
-- AUTO_INCREMENT for table `stocks`
--
ALTER TABLE `stocks`
  MODIFY `id` int(11) NOT NULL AUTO_INCREMENT, AUTO_INCREMENT=13;

--
-- AUTO_INCREMENT for table `stock_history`
--
ALTER TABLE `stock_history`
  MODIFY `id` int(11) NOT NULL AUTO_INCREMENT, AUTO_INCREMENT=22523;

--
-- AUTO_INCREMENT for table `transactions`
--
ALTER TABLE `transactions`
  MODIFY `id` int(11) NOT NULL AUTO_INCREMENT;

--
-- Constraints for dumped tables
--

--
-- Constraints for table `education_transactions`
--
ALTER TABLE `education_transactions`
  ADD CONSTRAINT `education_transactions_ibfk_2` FOREIGN KEY (`education_id`) REFERENCES `education` (`id`),
  ADD CONSTRAINT `education_transactions_ibfk_3` FOREIGN KEY (`player_id`) REFERENCES `players` (`id`),
  ADD CONSTRAINT `education_transactions_ibfk_4` FOREIGN KEY (`player_id`) REFERENCES `players` (`id`);

--
-- Constraints for table `loans`
--
ALTER TABLE `loans`
  ADD CONSTRAINT `loans_ibfk_1` FOREIGN KEY (`player_id`) REFERENCES `players` (`id`);

--
-- Constraints for table `players`
--
ALTER TABLE `players`
  ADD CONSTRAINT `players_ibfk_1` FOREIGN KEY (`job_id`) REFERENCES `jobs` (`id`),
  ADD CONSTRAINT `players_ibfk_2` FOREIGN KEY (`education_id`) REFERENCES `education` (`id`);

--
-- Constraints for table `transactions`
--
ALTER TABLE `transactions`
  ADD CONSTRAINT `transactions_ibfk_1` FOREIGN KEY (`player_id`) REFERENCES `players` (`id`);
COMMIT;

/*!40101 SET CHARACTER_SET_CLIENT=@OLD_CHARACTER_SET_CLIENT */;
/*!40101 SET CHARACTER_SET_RESULTS=@OLD_CHARACTER_SET_RESULTS */;
/*!40101 SET COLLATION_CONNECTION=@OLD_COLLATION_CONNECTION */;
